bankroll	bankroll
-calculatepayout	_calculatePayout
cancelstaleround	cancelStaleRound
checkpayout	checkPayout
claimrefund	claimRefund
claimwinnings	claimWinnings
deploygeniemarkets	DeployGenieMarkets
depositbankroll	depositBankroll
derivepair	derivePair
derivesingle	deriveSingle
encodetrio	encodeTrio
entropycallback	entropyCallback
geniemarkets	GenieMarkets
geniemath	GenieMath
getbet	getBet
getroundbetcount	getRoundBetCount
-initnextround	_initNextRound
isvalidtrio	isValidTrio
placebet	placeBet
-rank	_rank
requestclosedraw	requestCloseDraw
requestopendraw	requestOpenDraw
run	run
setdurations	setDurations
sorttrio	sortTrio
triotypefrompick	trioTypeFromPick
triotype	trioType
withdrawbankroll	withdrawBankroll
